id,title,score,num_comments,author,created_utc,url,over_18,edited,spoiler,stickied
1f925p7,A little joke inspired by Dragon BallðŸ˜‚,803,9,souru0712,2024-09-04 19:24:52,https://i.redd.it/oir7lnsnfumd1.jpeg,False,False,False,False
1f90om5,Do entry level data engineering actually exist?,74,61,Kati1998,2024-09-04 18:26:19,https://www.reddit.com/r/dataengineering/comments/1f90om5/do_entry_level_data_engineering_actually_exist/,False,False,False,False
1f9bg1c,Are Kubernetes Skills Essential for Data Engineers?,45,33,vutr274,2024-09-05 02:18:20,https://open.substack.com/pub/vutr/p/kubernetes-for-data-engineer?r=2rj6sg&utm_campaign=post&utm_medium=web,False,False,False,False
1f90lav,Spark ðŸ’¥,39,22,Forsaken-Force7817,2024-09-04 18:22:41,https://www.reddit.com/r/dataengineering/comments/1f90lav/spark/,False,False,False,False
1f9hb1p,Do you study Data Engineering (experienced DE's)?,31,27,Irachar,2024-09-05 08:20:22,https://www.reddit.com/r/dataengineering/comments/1f9hb1p/do_you_study_data_engineering_experienced_des/,False,False,False,False
1f91ugd,"Best way to take data from Facebook, Instagram, YouTube and Twitch to a new database",11,4,Popular_Rain_2601,2024-09-04 19:12:12,https://www.reddit.com/r/dataengineering/comments/1f91ugd/best_way_to_take_data_from_facebook_instagram/,False,False,False,False
1f9naqf,Aws glue is a f*cking scam,14,21,TraditionalKey5484,2024-09-05 14:02:39,https://www.reddit.com/r/dataengineering/comments/1f9naqf/aws_glue_is_a_fcking_scam/,False,False,False,False
1f95vh0,Data validation - is this the norm?,8,13,Unfair-Specialist000,2024-09-04 21:58:59,https://www.reddit.com/r/dataengineering/comments/1f95vh0/data_validation_is_this_the_norm/,False,False,False,False
1f8vvj9,Cloud ELT Tools,10,10,Jappzqz,2024-09-04 15:15:04,https://www.reddit.com/r/dataengineering/comments/1f8vvj9/cloud_elt_tools/,False,False,False,False
1f9erq6,What's the best approach to transfer data from Redshift to RDS or DynamoDB,6,5,Purple_Wrap9596,2024-09-05 05:22:09,https://www.reddit.com/r/dataengineering/comments/1f9erq6/whats_the_best_approach_to_transfer_data_from/,False,False,False,False
1f9k6vt,Bytebase 2.22.3 Released -- Database Schema Change and Version Control for MySQL/PG/Snowflake/Databricks...,8,0,Adela_freedom,2024-09-05 11:34:10,https://www.bytebase.com/changelog/bytebase-2-22-3/,False,False,False,False
1f9355r,DBA skills for DE,5,2,wild_bill34,2024-09-04 20:04:26,https://www.reddit.com/r/dataengineering/comments/1f9355r/dba_skills_for_de/,False,False,False,False
1f920uf,Tips when beginning AWS?,4,9,souru0712,2024-09-04 19:19:26,https://www.reddit.com/r/dataengineering/comments/1f920uf/tips_when_beginning_aws/,False,False,False,False
1f9hb9m,How to merge users based on multiple IDs in a large dataset?,3,11,nidalap24,2024-09-05 08:20:48,https://www.reddit.com/r/dataengineering/comments/1f9hb9m/how_to_merge_users_based_on_multiple_ids_in_a/,False,False,False,False
1f90zdf,"Spark pipeline monitoring, alerts, and dashboards",3,1,knightfall0,2024-09-04 18:38:08,https://www.reddit.com/r/dataengineering/comments/1f90zdf/spark_pipeline_monitoring_alerts_and_dashboards/,False,False,False,False
1f8wyqc,Free Compliance webinar: GDPR and HIPAA (and another run of Python ELT with dlt),3,1,Thinker_Assignment,2024-09-04 15:59:20,https://www.reddit.com/r/dataengineering/comments/1f8wyqc/free_compliance_webinar_gdpr_and_hipaa_and/,False,False,False,False
1f9ip2n,IT sales over data analytics?,4,5,Unlikely-Rutabaga749,2024-09-05 10:01:39,https://www.reddit.com/r/dataengineering/comments/1f9ip2n/it_sales_over_data_analytics/,False,False,False,False
1f9hv23,"Does Trino execute queries on data sources in batches, similar to TiDB, or does it follow a different query execution model??",3,1,Over-Drink8537,2024-09-05 09:01:20,https://www.reddit.com/r/dataengineering/comments/1f9hv23/does_trino_execute_queries_on_data_sources_in/,False,False,False,False
1f9da97,Json file from Azure blob to display in a BI dashboard,2,6,Delicious-Tea-5113,2024-09-05 03:54:12,https://www.reddit.com/r/dataengineering/comments/1f9da97/json_file_from_azure_blob_to_display_in_a_bi/,False,False,False,False
1f97ueb,Is this a reasonable design for handling data from various sources and doing reconciliation?,2,1,ellssss,2024-09-04 23:25:21,https://www.reddit.com/r/dataengineering/comments/1f97ueb/is_this_a_reasonable_design_for_handling_data/,False,False,False,False
1f94msd,"ADF ""On Fail"" for each activity in Pipeline",2,1,EatDoughnut,2024-09-04 21:05:18,https://www.reddit.com/r/dataengineering/comments/1f94msd/adf_on_fail_for_each_activity_in_pipeline/,False,False,False,False
1f91g79,DE Roles,2,1,AloofGamer,2024-09-04 18:56:44,https://www.reddit.com/r/dataengineering/comments/1f91g79/de_roles/,False,False,False,False
1f9o3jb,Free desktop client to connect to cloud object storage,2,0,Busy_Elderberry8650,2024-09-05 14:41:44,https://www.reddit.com/r/dataengineering/comments/1f9o3jb/free_desktop_client_to_connect_to_cloud_object/,False,False,False,False
1f9mkr3,Question regarding deployment of ELT python scripts on Azure,2,2,oscarmch,2024-09-05 13:31:47,https://www.reddit.com/r/dataengineering/comments/1f9mkr3/question_regarding_deployment_of_elt_python/,False,False,False,False
1f9lixv,Can I somehow estimate AWS Glue costs for my pipeline ?,2,2,Purple_Wrap9596,2024-09-05 12:43:29,https://www.reddit.com/r/dataengineering/comments/1f9lixv/can_i_somehow_estimate_aws_glue_costs_for_my/,False,False,False,False
1f9knxp,"Help required with Airflow, suggestions welcomed!",2,0,buzz_ftw,2024-09-05 12:00:21,https://www.reddit.com/r/dataengineering/comments/1f9knxp/help_required_with_airflow_suggestions_welcomed/,False,False,False,False
1f9i0vz,Traineeship in IT or something else,2,4,Flimsy_Novel5599,2024-09-05 09:13:34,https://www.reddit.com/r/dataengineering/comments/1f9i0vz/traineeship_in_it_or_something_else/,False,False,False,False
1f95z3h,Can I Find Tune a LLM model like GPT4-O to parse data in a JSON format from partially structured PDFs?,1,3,captain-ass-smasher,2024-09-04 22:02:56,https://www.reddit.com/r/dataengineering/comments/1f95z3h/can_i_find_tune_a_llm_model_like_gpt4o_to_parse/,False,False,False,False
1f93bp7,Sequence of events analysis ,1,3,TargetDangerous2216,2024-09-04 20:11:51,https://www.reddit.com/r/dataengineering/comments/1f93bp7/sequence_of_events_analysis/,False,False,False,False
1f9c6ys,Cogito admin to DE,0,10,SuperDistribution735,2024-09-05 02:55:09,https://www.reddit.com/r/dataengineering/comments/1f9c6ys/cogito_admin_to_de/,False,False,False,False
1f8ygdc,Practice tests for DP-203 ?,0,1,Enough-Lake7706,2024-09-04 16:58:30,https://www.reddit.com/r/dataengineering/comments/1f8ygdc/practice_tests_for_dp203/,False,False,False,False
1f8wmgc,DA Certification Reccos,0,0,WeirdoGreedo,2024-09-04 15:45:14,https://www.reddit.com/r/dataengineering/comments/1f8wmgc/da_certification_reccos/,False,False,False,False
1f92ul8,what type of mouse is everyone using?,0,38,Interesting-Goose82,2024-09-04 19:52:45,https://www.reddit.com/r/dataengineering/comments/1f92ul8/what_type_of_mouse_is_everyone_using/,False,False,False,False
1f8xx0w,data engineer quality dropping?,0,44,No_Flounder_1155,2024-09-04 16:37:09,https://www.reddit.com/r/dataengineering/comments/1f8xx0w/data_engineer_quality_dropping/,False,False,False,False
1f9kgyb,Best ETL Tools,0,1,Fit_Dig_488,2024-09-05 11:49:32,https://www.reddit.com/r/dataengineering/comments/1f9kgyb/best_etl_tools/,True,False,False,False
